<?xml version="1.0" encoding="utf-8"?>
<!DOCTYPE hibernate-configuration PUBLIC
          "-//Hibernate/Hibernate Configuration DTD 3.0//EN"
          "http://hibernate.sourceforge.net/hibernate-configuration-3.0.dtd">
<hibernate-configuration>
    <session-factory>
        <property name="hibernate.connection.driver_class">org.postgresql.Driver</property>
        <property name="hibernate.connection.url">jdbc:postgresql://localhost:5432/projetoteste</property>
        <property name="hibernate.connection.username">postgres</property>
        <property name="hibernate.connection.password">1234</property>
        <property name="hibernate.dialect">org.hibernate.dialect.PostgreSQLDialect</property>
        <property name="hibernate.hbm2ddl.auto">create</property>
        <property name="hibernate.show_sql">true</property>
        <property name="hibernate.format_sql">true</property>
        <property name="hibernate.use_sql_comments">true</property>

        <mapping class="com.projeto.entities.ParticipanteEntity"/>
        <mapping class="com.projeto.entities.PalestranteEntity"/>
        <mapping class="com.projeto.entities.EventoEntity"/>
        <mapping class="com.projeto.entities.EventoParticipantesEntity"/>
    </session-factory>
</hibernate-configuration>
